[{"model": "users.otp", "pk": 1, "fields": {"user": null, "identifier": "toure925@outlook.com", "code": "90536", "is_sent": true, "is_valid": false, "expire_at": "2024-05-31T07:08:20.975Z", "created_at": "2024-05-31T07:03:20.978Z", "updated_at": "2024-05-31T07:03:20.978Z"}}, {"model": "users.otp", "pk": 2, "fields": {"user": null, "identifier": "mtouray@insistglobal.com", "code": "99873", "is_sent": true, "is_valid": false, "expire_at": "2024-05-31T07:22:53.942Z", "created_at": "2024-05-31T07:17:53.942Z", "updated_at": "2024-05-31T07:17:53.942Z"}}, {"model": "users.otp", "pk": 3, "fields": {"user": null, "identifier": "mtouray@insistglobal.com", "code": "31875", "is_sent": false, "is_valid": false, "expire_at": "2024-05-31T07:26:17.284Z", "created_at": "2024-05-31T07:21:17.284Z", "updated_at": "2024-05-31T07:21:17.284Z"}}, {"model": "users.otp", "pk": 4, "fields": {"user": null, "identifier": "lamindanjo43@gmail.com", "code": "67609", "is_sent": true, "is_valid": true, "expire_at": "2024-06-01T01:05:41.817Z", "created_at": "2024-06-01T01:00:41.819Z", "updated_at": "2024-06-01T01:00:41.819Z"}}, {"model": "users.otp", "pk": 5, "fields": {"user": null, "identifier": "inmaha33@gmail.com", "code": "81652", "is_sent": true, "is_valid": false, "expire_at": "2024-06-01T18:21:57.676Z", "created_at": "2024-06-01T18:16:57.676Z", "updated_at": "2024-06-01T18:16:57.676Z"}}, {"model": "users.user", "pk": "4dddb3def59644b1b60c", "fields": {"password": "pbkdf2_sha256$720000$DWXgebRkOk4zklChAOxeQw$fc+6oxh4Pi3DTluuQ843XT8t/xgOj9IZw25f6JYoz0A=", "last_login": null, "is_superuser": false, "is_staff": false, "date_joined": "2024-06-01T18:19:02.346Z", "email": "inmaha33@gmail.com", "username": "mariama-touray", "slug": "", "gender": "female", "avatar": "/img/default-avatar.jpg", "last_name": "Touray", "first_name": "Mariama", "payment_method": null, "is_active": true, "is_client": false, "is_freelancer": true, "is_online": false, "websocket_id": "", "groups": [], "user_permissions": []}}, {"model": "users.user", "pk": "4e6d0c45c8d24019bd66", "fields": {"password": "pbkdf2_sha256$720000$3CwMmGEXnbeY3GjxbJFtyd$cJ/6CABwMI2amtNv2+cmvSE01h05F5hjoOQI/RYwyFs=", "last_login": null, "is_superuser": false, "is_staff": false, "date_joined": "2024-05-31T07:06:23.718Z", "email": "toure925@outlook.com", "username": "mtouray", "slug": "", "gender": "male", "avatar": "/img/default-avatar.jpg", "last_name": "Touray", "first_name": "Mahammed", "payment_method": null, "is_active": true, "is_client": false, "is_freelancer": true, "is_online": false, "websocket_id": "", "groups": [], "user_permissions": []}}, {"model": "users.user", "pk": "6041261036a5400a82da", "fields": {"password": "pbkdf2_sha256$720000$X3S2BOFKj0fpHBCOtopQxf$I3HjwgiWxJPHIp3cZcylp6hlje3zj9iGPm+rx9wjStw=", "last_login": null, "is_superuser": false, "is_staff": false, "date_joined": "2024-05-31T07:21:56.649Z", "email": "mtouray@insistglobal.com", "username": "tida-fatty", "slug": "", "gender": "female", "avatar": "/img/default-avatar.jpg", "last_name": "Fatty", "first_name": "Tida", "payment_method": null, "is_active": true, "is_client": true, "is_freelancer": false, "is_online": false, "websocket_id": "", "groups": [], "user_permissions": []}}, {"model": "freelancers.freelancer", "pk": "e5cf53ba5ee244288f14", "fields": {"user": "4dddb3def59644b1b60c", "title": "Web Developer", "bio": "I'm a passionate web-developer dedicated on building intuitive and cross platform websites", "skills": "", "phone": "+220 3232556", "phone_code": "+220", "country": "The Gambia", "country_code": "gm", "state": "Kanifing Municipal Council", "district": "Serrekunda", "city": "Latrikunda Sajibi", "zip_code": "00000", "pricing": "2000", "jobs_completed": 0, "badge": "basic", "bits": 48, "education": [], "reviews": ["8693956e72ba4c5"], "portfolio": []}}, {"model": "freelancers.freelancer", "pk": "fabe7ba8c1f54871a19c", "fields": {"user": "4e6d0c45c8d24019bd66", "title": "Software Engineer", "bio": "I'm Mahammed Touray, a full-stack developer with three years of experience in Python and Node.js. Currently at InSIST Global, I excel in creating robust, scalable applications.\n\nSkills\n\n- Full-Stack Development: Python, Node.js\n- Front-End: HTML, CSS, JavaScript\n- Back-End: Server-side development, database management, API integration\n- Problem Solving: Debugging, troubleshooting\n\nI'm passionate about learning and ready to tackle new challenges. Let's turn your ideas into reality with high-quality code and efficient solutions.\n\nLooking forward to working with you!", "skills": "", "phone": "+220 3101417", "phone_code": "+220", "country": "The Gambia", "country_code": "gm", "state": "West Coast Region", "district": "Kombo North", "city": "Banjul", "zip_code": "00000", "pricing": "1000", "jobs_completed": 0, "badge": "basic", "bits": 24, "education": [], "reviews": [], "portfolio": []}}, {"model": "clients.client", "pk": "f8ebfcb9c66d416ca340", "fields": {"user": "6041261036a5400a82da", "bio": "Hello! I'm Tida Fatty, and I'm looking for talented freelancers to assist with various micro tasks. As a client who values efficiency and quality, I need reliable and skilled individuals to help bring my projects to life.\n\nWhat I Look For:\n\nReliability: Consistent and timely completion of tasks.\nAttention to Detail: High-quality and error-free work.\nProblem-Solving Skills: Ability to tackle challenges and find effective solutions.\nCommunication: Clear and responsive communication.\n\nIf you're a dedicated freelancer ready to take on small but impactful tasks, let's connect and collaborate!", "rating": 0, "phone": "+220 9995412", "phone_code": "+220", "country": "The Gambia", "country_code": "gm", "state": "West Coast Region", "district": "Kombo South", "city": "Brikama", "zip_code": "00000", "website": "", "industry": "", "jobs_active": 0, "jobs_created": 0, "jobs_completed": 0, "deleted": false, "reviews": []}}, {"model": "contracts.contract", "pk": 5, "fields": {"uid": "596f3e957238404", "job": "60011708fa2a404", "client": "f8ebfcb9c66d416ca340", "proposal": 1, "freelancer": "fabe7ba8c1f54871a19c", "start_date": "2024-05-31", "end_date": null, "duration": "1 week", "payment_method": "wave", "additional_terms": "", "status": "ACCEPTED", "progress": "COMPLETED", "deleted": false, "client_acknowledgement": "ACCEPTED", "client_project_acknowledgement": "PENDING", "freelancer_acknowledgement": "ACCEPTED", "created_at": "2024-05-31T23:07:27.517Z", "updated_at": "2024-06-08T05:01:19.205Z"}}, {"model": "contracts.contract", "pk": 6, "fields": {"uid": "2611a8ab682d459", "job": "0425085526ed4c4", "client": "f8ebfcb9c66d416ca340", "proposal": 3, "freelancer": "e5cf53ba5ee244288f14", "start_date": "2024-06-01", "end_date": null, "duration": "3 weeks", "payment_method": "qmoney", "additional_terms": "", "status": "ACCEPTED", "progress": "ACTIVE", "deleted": false, "client_acknowledgement": "ACCEPTED", "client_project_acknowledgement": "PENDING", "freelancer_acknowledgement": "ACCEPTED", "created_at": "2024-06-01T18:44:11.796Z", "updated_at": "2024-06-01T18:47:46.786Z"}}, {"model": "jobs.pricing", "pk": 1, "fields": {"fixed_price": true, "negotiable_price": false, "will_pay_more": true, "addition": "30%", "payment_type": "PROJECT", "deleted": false}}, {"model": "jobs.pricing", "pk": 2, "fields": {"fixed_price": true, "negotiable_price": false, "will_pay_more": true, "addition": "5%", "payment_type": "PROJECT", "deleted": false}}, {"model": "jobs.pricing", "pk": 3, "fields": {"fixed_price": true, "negotiable_price": false, "will_pay_more": true, "addition": "20%", "payment_type": "PROJECT", "deleted": false}}, {"model": "jobs.job", "pk": "0425085526ed4c4", "fields": {"slug": "j-6bd11d8f746f4f", "title": "Cloud Business Website Development", "description": "I need a proficient website developer who can create a comprehensive website for my cloud business. This website will be aimed at small business owners and will need to be professional, easy to navigate, and comprehensive.\n\nKey features to include:\n\n- An 'About Us' section\n- Detailed 'Services Offered' section\n- Clearly outlined 'Pricing and Plans'\n- A 'booking demos' feature\n- A login database for visitors\n- An integration with our existing portal\n\nIdeal candidates should submit their past work, preferably with similar business-targeted websites. Experience in integrating login databases and booking features will be highly valued.\n\nThere is a website called Vultr... want something close to that.", "location": "The Gambia", "status": "IN_PROGRESS", "is_valid": true, "budget": "34000.00", "pricing": 2, "activities": 2, "deleted": false, "completed": false, "duration": null, "category": "Web Application", "required_skills": "PHP, Website Design, Graphic Design, MySQL HTML", "bits_count": 0, "client": "f8ebfcb9c66d416ca340", "updated_at": "2024-06-01T18:47:46.770Z", "created_at": "2024-06-01T17:53:49.117Z"}}, {"model": "jobs.job", "pk": "11ca18b0573a400", "fields": {"slug": "j-63ca22735d054c", "title": "ConvertKit API Integration for Email Pre-Population", "description": "I'm looking for a developer proficient in ConvertKit API to help with integrating it with my website. Specifically, I need assistance with pre-populating email addresses in the subscriber form using a URL parameter. This job involves:\n\n- Setting up ConvertKit API integration with my website\n- Implementing the required pre-population mechanism using a URL parameter\n\nThe error I get it:\n\npopulate-email.js:23 Error parsing JSON:\nSyntaxError: Unexpected token '<', \"\n<!DOCTYPE \"... is not valid JSON\nat JSON.parse (<anonymous>)\nat populate-email.js:15:24\n(anonymous) @ populate-email.js:23\n\nIdeal candidates for this project should have:\n- Proficiency with ConvertKit API and prior experience in integrating it with websites\n- A strong understanding of implementing URL parameters for pre-populating form fields\n- The ability to troubleshoot and identify any issues that may arise during the integration process\n\nPlease note: I am only looking for assistance with the technical aspects of integrating", "location": "The Gambia", "status": "PUBLISHED", "is_valid": true, "budget": "31000.00", "pricing": 3, "activities": 3, "deleted": false, "completed": false, "duration": "1 month", "category": "Software Engineering", "required_skills": "PHP, Java, JavaScript, Google App Engine, JSON", "bits_count": 0, "client": "f8ebfcb9c66d416ca340", "updated_at": "2024-06-08T23:33:25.896Z", "created_at": "2024-06-08T23:33:07.007Z"}}, {"model": "jobs.job", "pk": "60011708fa2a404", "fields": {"slug": "j-d88dc1af901544", "title": "UI/UX Designer Needed to Create Concept in Figma", "description": "I am looking for a talented UI/UX designer to help me design a concept in Figma.\nThe project involves creating wireframes, prototypes, and final UI designs based on my initial\nideas and requirements.\n\nResponsibilities\n\n- Develop wireframes and prototypes\n- Design a user-friendly and visually appealing UI\n- Collaborate with me to iterate on designs based on feedback\n- Deliver polished and high-quality final designs in Figma\n\nRequirements\n- Proven experience in UI/UX design\n- Proficiency in Figma\n- Strong portfolio showcasing relevant work\n- Excellent communication skills\n- Attention to detail and creativity\n\nIf you are passionate about designing exceptional user interfaces and have the skills to bring \nconcepts to life in Figma, please apply with your portfolio and relevant experience.\n\nLooking forward to working with you!", "location": "The Gambia", "status": "IN_PROGRESS", "is_valid": true, "budget": "6000.00", "pricing": 1, "activities": 1, "deleted": false, "completed": false, "duration": "1 month", "category": "Design", "required_skills": "Graphic Design, Figma, UI/UX Design", "bits_count": 0, "client": "f8ebfcb9c66d416ca340", "updated_at": "2024-05-31T08:00:01.107Z", "created_at": "2024-05-31T07:44:50.017Z"}}, {"model": "jobs.activities", "pk": 1, "fields": {"deleted": false, "hired_count": 0, "invite_count": 0, "proposal_count": 1, "interview_count": 0, "unanswered_invites": 0, "client_last_visit": "2024-06-01T17:45:24.555Z", "hired": [], "proposals": [1], "invitations": []}}, {"model": "jobs.activities", "pk": 2, "fields": {"deleted": false, "hired_count": 1, "invite_count": 0, "proposal_count": 2, "interview_count": 0, "unanswered_invites": 0, "client_last_visit": "2024-06-01T20:50:59.765Z", "hired": ["e5cf53ba5ee244288f14"], "proposals": [2, 3], "invitations": []}}, {"model": "jobs.activities", "pk": 3, "fields": {"deleted": false, "hired_count": 0, "invite_count": 0, "proposal_count": 1, "interview_count": 0, "unanswered_invites": 0, "client_last_visit": "2024-06-08T23:33:15.753Z", "hired": [], "proposals": [4], "invitations": []}}, {"model": "proposals.proposal", "pk": 1, "fields": {"uid": "f9d56fcf44de43b", "job": "60011708fa2a404", "freelancer": "fabe7ba8c1f54871a19c", "duration": "1 week", "cover_letter": "Hello,\nMy name is Mahamed Toure, and I am excited to propose my services for your UI/UX design project. With my extensive experience in full-stack development and a keen eye for design, I am confident in my ability to help you bring your concept to life in Figma.\n\nWhy I Am a Great Fit:\n\nUser-Centric Design: I prioritize creating designs that offer an intuitive and seamless user experience.\n\nAttention to Detail: I ensure that every design element is polished and aligns with your vision.\n\nCollaboration: I value open and responsive communication to iterate on designs and incorporate your feedback effectively.\n\nProficiency in Figma: I am skilled in using Figma to create wireframes, prototypes, and final UI designs.\n\nMy Approach:\n\nUnderstand Requirements: I'll start by understanding your project goals, target audience, and specific requirements.\n\nConcept Development: Based on your input, I'll develop initial wireframes and prototypes.\n\nFeedback Loop: We'll work together to refine the designs based on your feedback.\n\nFinal Design: I'll deliver the final polished UI/UX design that meets your expectations.\n\nI am passionate about creating exceptional user interfaces and am excited about the opportunity to collaborate with you on this project. Please feel free to reach out if you have any questions or need further information.\n\nLooking forward to the opportunity to work with you!\n\nBest regards,\nMahamed Toure", "budget": 7000.0, "service_fee": 0.06, "bits_amount": 12, "is_decline": false, "is_accepted": true, "is_reviewed": true, "is_pending": false, "status": "ACCEPTED", "deleted": false, "is_proposed": false, "updated_at": "2024-05-31T08:21:14.980Z", "created_at": "2024-05-31T08:21:14.980Z", "attachments": []}}, {"model": "proposals.proposal", "pk": 2, "fields": {"uid": "b9c230fb5117429", "job": "0425085526ed4c4", "freelancer": "fabe7ba8c1f54871a19c", "duration": "1 month", "cover_letter": "Hello,\n\nI'm Mahamed Toure, and I'm excited to propose my services for your cloud business website project. With extensive experience in developing professional and user-friendly websites, I am confident in delivering a solution that meets your needs.\n\nWhy Choose Me:\n- Proven experience with business-targeted websites\n- Skilled in integrating login databases and booking features\n- Detail-oriented approach to 'About Us,' 'Services,' and 'Pricing and Plans' sections\n- Proficient in seamless portal integration\n\nMy Approach:\n1. Understand your vision and requirements\n2. Design and develop a professional site inspired by Vultr\n3. Integrate essential features: booking demos, login database, and detailed sections\n4. Conduct thorough testing and incorporate feedback\n5. Assist with launch and provide ongoing support\n\nPlease find examples of my past work attached, showcasing my experience with similar projects. I'm eager to collaborate and bring your vision to life!\n\nBest regards,\nMahammed Touray", "budget": 36000.0, "service_fee": 0.06, "bits_amount": 12, "is_decline": true, "is_accepted": false, "is_reviewed": false, "is_pending": false, "status": "DECLINED", "deleted": false, "is_proposed": false, "updated_at": "2024-06-01T18:15:48.992Z", "created_at": "2024-06-01T18:15:48.992Z", "attachments": []}}, {"model": "proposals.proposal", "pk": 3, "fields": {"uid": "fb6bc382ddcf448", "job": "0425085526ed4c4", "freelancer": "e5cf53ba5ee244288f14", "duration": "3 weeks", "cover_letter": "I'm Mariama Touray, and I'm excited to bid on your cloud business website project. With extensive experience in full-stack development, I specialize in creating professional, user-friendly websites tailored for small business owners.\n\nWhy Choose Me:\n- Proven experience with business-targeted websites\n- Expertise in integrating login databases and booking features\n- Strong attention to detail ensuring a comprehensive, easy-to-navigate site\n\nProject Plan:\n1. Understand Your Vision: Collaborate to align the site with your goals.\n2. Design & Development: Create a professional design inspired by Vultr.\n3. Feature Integration: Implement 'About Us,' 'Services Offered,' 'Pricing and Plans,' booking demos, and login database.\n4. Testing & Feedback: Thorough testing and revisions.\n5. Launch & Support: Assist with launch and provide ongoing support.\n\nI've attached examples of similar projects in my portfolio. Let's work together to bring your vision to life!\n\nBest regards,\nMariama Touray", "budget": 40000.0, "service_fee": 0.06, "bits_amount": 12, "is_decline": false, "is_accepted": true, "is_reviewed": true, "is_pending": false, "status": "ACCEPTED", "deleted": false, "is_proposed": false, "updated_at": "2024-06-01T18:44:11.828Z", "created_at": "2024-06-01T18:29:15.092Z", "attachments": []}}, {"model": "proposals.proposal", "pk": 4, "fields": {"uid": "d1e0a38b6aa3407", "job": "11ca18b0573a400", "freelancer": "fabe7ba8c1f54871a19c", "duration": "1 month", "cover_letter": "Dear Hiring Manager,\n\nI'm Mahammed Touray, a Software Engineer with expertise in ConvertKit API integration. I'm interested in your developer position and can help with\n\nSetting up ConvertKit API integration\nPre-populating emails using URL parameters\n\nI'm adept at troubleshooting API issues, like the reported JSON parsing error. My focus is on the technical aspects: seamless integration and URL parameter implementation for a smooth user experience.\n\nReady to discuss further. Please find my portfolio details https://mahammedtouray.vercel.app\n\nThanks,\nMahammed Touray", "budget": 35000.0, "service_fee": 0.06, "bits_amount": 12, "is_decline": false, "is_accepted": false, "is_reviewed": false, "is_pending": true, "status": "PENDING", "deleted": false, "is_proposed": false, "updated_at": "2024-06-08T23:38:12.983Z", "created_at": "2024-06-08T23:38:12.983Z", "attachments": []}}, {"model": "reviews.review", "pk": "8693956e72ba4c5", "fields": {"author": "4dddb3def59644b1b60c", "rating": 3.5, "text": "Another Review updated", "created_at": "2024-06-02T12:14:09.151Z"}}, {"model": "notifications.notification", "pk": 1, "fields": {"sender": "4e6d0c45c8d24019bd66", "recipient": "6041261036a5400a82da", "hint_text": "An Application from Mahammed Touray", "content_text": "Hello,\nMy name is Mahamed Toure, and I am excited to propose my services for your UI/UX design project. With my extensive exp", "object_api_link": null, "is_seen": true, "archived": false, "deleted": false, "type": "PROPOSAL", "created_at": "2024-05-31T08:21:14.996Z"}}, {"model": "notifications.notification", "pk": 4, "fields": {"sender": null, "recipient": "4e6d0c45c8d24019bd66", "hint_text": "New Contract Received", "content_text": "You've received a new contract. Please check it out.", "object_api_link": "/contracts/view/5", "is_seen": true, "archived": false, "deleted": false, "type": "PROPOSAL", "created_at": "2024-05-31T23:07:27.517Z"}}, {"model": "notifications.notification", "pk": 5, "fields": {"sender": null, "recipient": "6041261036a5400a82da", "hint_text": "New Contract Created", "content_text": "Your contract for UI/UX Designer project, has been created. Please check it out.", "object_api_link": "/contracts/view/5", "is_seen": true, "archived": false, "deleted": false, "type": "PROPOSAL", "created_at": "2024-05-31T23:07:27.531Z"}}, {"model": "notifications.notification", "pk": 6, "fields": {"sender": null, "recipient": "4e6d0c45c8d24019bd66", "hint_text": "Contract Accepted", "content_text": "You've accepted a contract from Tida Fatty", "object_api_link": "/contracts/5", "is_seen": true, "archived": false, "deleted": false, "type": "PROPOSAL", "created_at": "2024-06-01T13:32:27.128Z"}}, {"model": "notifications.notification", "pk": 7, "fields": {"sender": null, "recipient": "6041261036a5400a82da", "hint_text": "Contract Accepted", "content_text": "Mahammed Touray has accepted your contract", "object_api_link": "/contracts/5", "is_seen": true, "archived": false, "deleted": false, "type": "PROPOSAL", "created_at": "2024-06-01T13:32:27.136Z"}}, {"model": "notifications.notification", "pk": 8, "fields": {"sender": null, "recipient": "4e6d0c45c8d24019bd66", "hint_text": "Project Started", "content_text": "Your contract UI/UX Designer Needed to Create Concept in Figma from Tida Fatty is due an active", "object_api_link": "/contracts/5", "is_seen": true, "archived": false, "deleted": false, "type": "PROPOSAL", "created_at": "2024-06-01T13:35:08.423Z"}}, {"model": "notifications.notification", "pk": 9, "fields": {"sender": null, "recipient": "6041261036a5400a82da", "hint_text": "Project Started", "content_text": "Your contract UI/UX Designer Needed to Create Concept in Figma with Mahammed Touray has commenced", "object_api_link": "/contracts/5", "is_seen": true, "archived": false, "deleted": false, "type": "PROPOSAL", "created_at": "2024-06-01T13:35:08.423Z"}}, {"model": "notifications.notification", "pk": 10, "fields": {"sender": "4e6d0c45c8d24019bd66", "recipient": "6041261036a5400a82da", "hint_text": "You've received a new application", "content_text": "Hello,\n\nI'm Mahamed Toure, and I'm excited to propose my services for your cloud business website project. With extensive exp", "object_api_link": null, "is_seen": true, "archived": false, "deleted": false, "type": "PROPOSAL", "created_at": "2024-06-01T18:15:49.018Z"}}, {"model": "notifications.notification", "pk": 11, "fields": {"sender": "4dddb3def59644b1b60c", "recipient": "6041261036a5400a82da", "hint_text": "An Application from Mariama Touray", "content_text": "I'm Mariama Touray, and I'm excited to bid on your cloud business website project. With extensive experience in full-stack de", "object_api_link": null, "is_seen": true, "archived": false, "deleted": false, "type": "PROPOSAL", "created_at": "2024-06-01T18:29:15.126Z"}}, {"model": "notifications.notification", "pk": 12, "fields": {"sender": null, "recipient": "4dddb3def59644b1b60c", "hint_text": "New Contract Received", "content_text": "You've received a new contract. Please check it out.", "object_api_link": "/contracts/view/6", "is_seen": false, "archived": false, "deleted": false, "type": null, "created_at": "2024-06-01T18:44:11.812Z"}}, {"model": "notifications.notification", "pk": 13, "fields": {"sender": null, "recipient": "6041261036a5400a82da", "hint_text": "New Contract Created", "content_text": "Your contract for Cloud Business Website Development project, has been created. Please check it out.", "object_api_link": "/contracts/view/6", "is_seen": true, "archived": false, "deleted": false, "type": null, "created_at": "2024-06-01T18:44:11.843Z"}}, {"model": "notifications.notification", "pk": 14, "fields": {"sender": null, "recipient": "4dddb3def59644b1b60c", "hint_text": "Contract Accepted", "content_text": "You've accepted a contract from <strong>Tida Fatty</strong>", "object_api_link": "/contracts/view/6", "is_seen": false, "archived": false, "deleted": false, "type": null, "created_at": "2024-06-01T18:47:27.305Z"}}, {"model": "notifications.notification", "pk": 15, "fields": {"sender": "4dddb3def59644b1b60c", "recipient": "6041261036a5400a82da", "hint_text": "Contract Accepted", "content_text": "<strong>Mariama Touray</strong> has accepted your contract for project <strong>Cloud Business Website Development</strong>", "object_api_link": "/contracts/view/6", "is_seen": true, "archived": false, "deleted": false, "type": null, "created_at": "2024-06-01T18:47:27.305Z"}}, {"model": "notifications.notification", "pk": 16, "fields": {"sender": null, "recipient": "4dddb3def59644b1b60c", "hint_text": "Project Acknowledged", "content_text": "You've acknowledged a contract with <strong>Mariama Touray</strong>", "object_api_link": "/contracts/view/6", "is_seen": false, "archived": false, "deleted": false, "type": null, "created_at": "2024-06-01T18:47:46.770Z"}}, {"model": "notifications.notification", "pk": 17, "fields": {"sender": null, "recipient": "4dddb3def59644b1b60c", "hint_text": "Project Started", "content_text": "Your contract <strong>Cloud Business Website Development</strong> from <strong>Tida Fatty</strong> is due an active", "object_api_link": "/contracts/view/6", "is_seen": false, "archived": false, "deleted": false, "type": null, "created_at": "2024-06-01T18:47:46.770Z"}}, {"model": "notifications.notification", "pk": 18, "fields": {"sender": null, "recipient": "6041261036a5400a82da", "hint_text": "Project Started", "content_text": "Your contract <strong>Cloud Business Website Development</strong> with <strong>Mariama Touray</strong> has commenced", "object_api_link": "/contracts/view/6", "is_seen": true, "archived": false, "deleted": false, "type": null, "created_at": "2024-06-01T18:47:46.770Z"}}, {"model": "notifications.notification", "pk": 19, "fields": {"sender": "4e6d0c45c8d24019bd66", "recipient": "6041261036a5400a82da", "hint_text": "A new proposal from your job posting", "content_text": "Dear Hiring Manager,\n\nI'm Mahammed Touray, a Software Engineer with expertise in ConvertKit API integration. I'm interested i...", "object_api_link": "/proposals/view/4", "is_seen": false, "archived": false, "deleted": false, "type": "PROPOSAL", "created_at": "2024-06-08T23:38:13.005Z"}}]